adopt_id,lastname,firstname,birthdate,address,postalcode,city,phone,email,createdAt,updatedAt
1,Rodriguez,Ruddy,1962-09-24,PO Box 54938,1,Paris 02,1,rrodriguez0@google.es,2022/02/08,2022/05/05
2,Saura,Conrad,1958-08-27,Room 531,2,Niafunké,2,csaura1@google.nl,2022/12/31,2022/09/02
3,Kerwen,Lamont,1991-07-23,Suite 75,3,Guanshan,3,lkerwen2@nih.gov,2022/09/19,2022/04/24
4,Beurich,Buckie,1987-04-15,18th Floor,4,Illapel,4,bbeurich3@phpbb.com,2022/09/17,2022/02/01
5,Van der Spohr,Kristoffer,1987-07-11,Suite 67,5,Debar,5,kvanderspohr4@spiegel.de,2022/08/26,2023/01/22
6,Hazael,Alexandro,1997-07-03,Room 873,6,Erie,6,ahazael5@google.com.au,2022/03/12,2022/10/17
7,Greensmith,Gracie,1968-11-30,Apt 1628,7,Lérida,7,ggreensmith6@topsy.com,2022/02/16,2022/05/03
8,Goodby,Arvin,1967-12-28,Apt 1871,8,Misasi,8,agoodby7@mapy.cz,2022/02/09,2022/05/30
9,Ferguson,Alyosha,1969-04-17,Apt 1923,9,Borovlyany,9,aferguson8@bbb.org,2022/05/29,2022/12/05
10,Gurley,Anthe,1977-02-09,12th Floor,10,Šabac,10,agurley9@scientificamerican.com,2022/06/24,2022/02/20
11,Blenkiron,Shae,1983-07-31,Apt 250,11,Alvega,11,sblenkirona@china.com.cn,2022/09/02,2022/04/10
12,Brotheridge,Trescha,1961-10-09,Suite 69,12,Dārchulā,12,tbrotheridgeb@state.tx.us,2022/07/31,2022/03/10
13,Hein,Lynnet,1971-08-08,PO Box 81586,13,Guacarí,13,lheinc@360.cn,2022/06/06,2022/06/29
14,Aslet,Regan,1970-03-10,Room 859,14,Igarapé Açu,14,rasletd@state.tx.us,2022/06/27,2022/10/01
15,Daud,Jorgan,2000-12-28,Room 1351,15,Huaqiao,15,jdaude@theglobeandmail.com,2022/02/02,2023/01/15
16,Grebert,Debora,1987-12-21,12th Floor,16,San Diego,16,dgrebertf@dailymotion.com,2022/07/20,2022/11/19
17,Melrose,Aloysia,1969-09-15,Apt 1312,17,Shemonaīkha,17,amelroseg@nps.gov,2022/06/01,2022/02/24
18,Abbey,Oberon,1973-07-05,Suite 37,18,Kamwenge,18,oabbeyh@phpbb.com,2022/03/18,2022/11/26
19,Forrest,Zondra,1956-09-09,Suite 99,19,Poroshkovo,19,zforresti@digg.com,2023/01/04,2022/08/05
20,Gawthorpe,Fredericka,1995-01-01,18th Floor,20,Zouila,20,fgawthorpej@ycombinator.com,2022/07/15,2022/05/09
